{"BEST TRIP":{"mean":16.445417672276502,"sigma":0.3588701440246924,"status":"ACTIVE","bestLayWinPrice":13,"bestBackWinPrice":12.5,"gaussianDistribution":{"mean":16.445417672276502,"variance":0.12878778027230348,"standardDeviation":0.3588701440246924},"trialsResults":{"first":5521,"second":9680,"third":12911,"fourth":14900,"fifth":16112,"sixth":16331},"winProbablity":0.05632,"winLayReturn":0.022319999999999895,"winBackReturn":-0.29600000000000004,"bestLayPlacePrice":3.55,"bestBackPlacePrice":3.45,"placeProbablity":0.28112,"placeLayReturn":0.0007937254901961843,"placeBackReturn":-0.03013600000000005},

"RIGOLLETO":{"mean":16.346534666053874,"sigma":0.5809772927869901,"status":"ACTIVE","bestLayWinPrice":8.6,"bestBackWinPrice":8.4,"gaussianDistribution":{"mean":16.346534666053874,"variance":0.33753461473409996,"standardDeviation":0.5809772927869901},"trialsResults":{"first":10610,"second":9153,"third":9052,"fourth":9582,"fifth":10182,"sixth":11593},"winProbablity":0.10688,"winLayReturn":0.010635789473684154,"winBackReturn":-0.10220799999999997,"bestLayPlacePrice":2.58,"bestBackPlacePrice":2.5,"placeProbablity":0.28815,"placeLayReturn":0.16238797468354438,"placeBackReturn":-0.279625},

"PHAROH JAKE":{"mean":16.74241378765048,"sigma":0.37849691602008706,"status":"ACTIVE","bestLayWinPrice":42,"bestBackWinPrice":40,"gaussianDistribution":{"mean":16.74241378765048,"variance":0.14325991543671684,"standardDeviation":0.37849691602008706},"trialsResults":{"first":21785,"second":20905,"third":17395,"fourth":13593,"fifth":10771,"sixth":7734},"winProbablity":0.21669,"winLayReturn":-0.19758487804878055,"winBackReturn":7.667599999999998,"bestLayPlacePrice":8.8,"bestBackPlacePrice":8.4,"placeProbablity":0.60085,"placeLayReturn":-0.5496769230769231,"placeBackReturn":4.047140000000001},

"COMPTON PRINCE":{"mean":16.4698730861173,"sigma":0.39034886711240735,"status":"ACTIVE","bestLayWinPrice":5,"bestBackWinPrice":4.9,"gaussianDistribution":{"mean":16.4698730861173,"variance":0.15237223805593986,"standardDeviation":0.39034886711240735},"trialsResults":{"first":7396,"second":11107,"third":13342,"fourth":14361,"fifth":15006,"sixth":15033},"winProbablity":0.07575,"winLayReturn":0.15531249999999996,"winBackReturn":-0.628825,"bestLayPlacePrice":1.75,"bestBackPlacePrice":1.74,"placeProbablity":0.31845,"placeLayReturn":0.5902833333333333,"placeBackReturn":-0.445897},

"ENCAPSULATED":{"mean":16.414820307453898,"sigma":0.3903133017345301,"status":"ACTIVE","bestLayWinPrice":4.7,"bestBackWinPrice":4.6,"gaussianDistribution":{"mean":16.414820307453898,"variance":0.15234447351091035,"standardDeviation":0.3903133017345301},"trialsResults":{"first":5770,"second":9318,"third":11768,"fourth":13543,"fifth":15241,"sixth":15747},"winProbablity":0.05865,"winLayReturn":0.1957689189189189,"winBackReturn":-0.73021,"bestLayPlacePrice":1.78,"bestBackPlacePrice":1.76,"placeProbablity":0.26856,"placeLayReturn":0.6691835897435898,"placeBackReturn":-0.5273344},

"WHALEWEIGH STATION":{"mean":16.411006803631924,"sigma":0.4912841359214898,"status":"ACTIVE","bestLayWinPrice":14.5,"bestBackWinPrice":14,"gaussianDistribution":{"mean":16.411006803631924,"variance":0.24136010220812484,"standardDeviation":0.4912841359214898},"trialsResults":{"first":9446,"second":10202,"third":10742,"fourth":11600,"fifth":12013,"sixth":13357},"winProbablity":0.09337,"winLayReturn":-0.026212222222222192,"winBackReturn":0.30718,"bestLayPlacePrice":3.45,"bestBackPlacePrice":3.4,"placeProbablity":0.3039,"placeLayReturn":-0.019777551020408346,"placeBackReturn":0.03326000000000007},

"DUSTY BLUE":{"mean":16.438763500426383,"sigma":0.5434755895331819,"status":"ACTIVE","bestLayWinPrice":22,"bestBackWinPrice":21,"gaussianDistribution":{"mean":16.438763500426383,"variance":0.29536571641843956,"standardDeviation":0.5434755895331819},"trialsResults":{"first":12639,"second":11081,"third":10448,"fourth":10710,"fifth":10941,"sixth":12063},"winProbablity":0.12514,"winLayReturn":-0.08348000000000011,"winBackReturn":1.6279400000000002,"bestLayPlacePrice":4.9,"bestBackPlacePrice":4.8,"placeProbablity":0.34168,"placeLayReturn":-0.17287999999999992,"placeBackReturn":0.6400639999999997},

"AUTUMN TONIC":{"mean":16.75727274408114,"sigma":0.4593532198707716,"status":"ACTIVE","bestLayWinPrice":4.1,"bestBackWinPrice":4,"gaussianDistribution":{"mean":16.75727274408114,"variance":0.21100538060564544,"standardDeviation":0.4593532198707716},"trialsResults":{"first":26833,"second":18554,"third":14342,"fourth":11711,"fifth":9734,"sixth":8142},"winProbablity":0.2672,"winLayReturn":-0.03081290322580643,"winBackReturn":0.06879999999999997,"bestLayPlacePrice":1.75,"bestBackPlacePrice":1.73,"placeProbablity":0.59729,"placeLayReturn":-0.060343333333333415,"placeBackReturn":0.03331169999999983}}
